{"cameraMode":{"drawMode":0,"name":"Shaded","section":"Shading Mode"},"sceneLighting":true,"audioPlay":false,"sceneViewState":{"showFog":true,"showMaterialUpdate":false,"showSkybox":true,"showFlares":true,"showImageEffects":true,"showParticleSystems":true},"in2DMode":false,"pivot":{"x":319.0234069824219,"y":383.6302490234375,"z":-50.181793212890628},"rotation":{"x":-0.0780063346028328,"y":0.0752938985824585,"z":-0.00590791879221797,"w":-0.9940893054008484},"size":183.74147033691407,"orthographic":false}